peptide,binding.netmhciipan_el.percentile.HLA-DPA1*01:03/DPB1*02:01,binding.netmhciipan_el.percentile.HLA-DPA1*01:03/DPB1*04:01,binding.netmhciipan_el.percentile.HLA-DPA1*02:01/DPB1*01:01,binding.netmhciipan_el.percentile.HLA-DPA1*02:01/DPB1*05:01,binding.netmhciipan_el.percentile.HLA-DPA1*02:01/DPB1*14:01,binding.netmhciipan_el.percentile.HLA-DPA1*03:01/DPB1*04:02,binding.netmhciipan_el.percentile.HLA-DQA1*01:01/DQB1*05:01,binding.netmhciipan_el.percentile.HLA-DQA1*01:02/DQB1*06:02,binding.netmhciipan_el.percentile.HLA-DQA1*03:01/DQB1*03:02,binding.netmhciipan_el.percentile.HLA-DQA1*04:01/DQB1*04:02,binding.netmhciipan_el.percentile.HLA-DQA1*05:01/DQB1*02:01,binding.netmhciipan_el.percentile.HLA-DQA1*05:01/DQB1*03:01,binding.netmhciipan_el.percentile.HLA-DRB1*01:01,binding.netmhciipan_el.percentile.HLA-DRB1*03:01,binding.netmhciipan_el.percentile.HLA-DRB1*04:01,binding.netmhciipan_el.percentile.HLA-DRB1*04:05,binding.netmhciipan_el.percentile.HLA-DRB1*07:01,binding.netmhciipan_el.percentile.HLA-DRB1*08:02,binding.netmhciipan_el.percentile.HLA-DRB1*09:01,binding.netmhciipan_el.percentile.HLA-DRB1*11:01,binding.netmhciipan_el.percentile.HLA-DRB1*12:01,binding.netmhciipan_el.percentile.HLA-DRB1*12:02,binding.netmhciipan_el.percentile.HLA-DRB1*13:02,binding.netmhciipan_el.percentile.HLA-DRB1*15:01,binding.netmhciipan_el.percentile.HLA-DRB1*15:02,binding.netmhciipan_el.percentile.HLA-DRB3*01:01,binding.netmhciipan_el.percentile.HLA-DRB3*02:02,binding.netmhciipan_el.percentile.HLA-DRB4*01:01,binding.netmhciipan_el.percentile.HLA-DRB5*01:01,binding.tepitope.adjusted_percentile.HLA-DRB1*01:01,binding.tepitope.adjusted_percentile.HLA-DRB1*03:01,binding.tepitope.adjusted_percentile.HLA-DRB1*04:01,binding.tepitope.adjusted_percentile.HLA-DRB1*04:05,binding.tepitope.adjusted_percentile.HLA-DRB1*07:01,binding.tepitope.adjusted_percentile.HLA-DRB1*08:02,binding.tepitope.adjusted_percentile.HLA-DRB1*11:01,binding.tepitope.adjusted_percentile.HLA-DRB1*13:02,binding.tepitope.adjusted_percentile.HLA-DRB1*15:01,binding.tepitope.adjusted_percentile.HLA-DRB1*15:02,binding.tepitope.adjusted_percentile.HLA-DRB5*01:01,binding.smm_align.adjusted_percentile.HLA-DPA1*01:03/DPB1*02:01,binding.smm_align.adjusted_percentile.HLA-DPA1*02:01/DPB1*01:01,binding.smm_align.adjusted_percentile.HLA-DPA1*02:01/DPB1*05:01,binding.smm_align.adjusted_percentile.HLA-DPA1*03:01/DPB1*04:02,binding.smm_align.adjusted_percentile.HLA-DQA1*01:01/DQB1*05:01,binding.smm_align.adjusted_percentile.HLA-DQA1*01:02/DQB1*06:02,binding.smm_align.adjusted_percentile.HLA-DQA1*03:01/DQB1*03:02,binding.smm_align.adjusted_percentile.HLA-DQA1*04:01/DQB1*04:02,binding.smm_align.adjusted_percentile.HLA-DQA1*05:01/DQB1*02:01,binding.smm_align.adjusted_percentile.HLA-DQA1*05:01/DQB1*03:01,binding.smm_align.adjusted_percentile.HLA-DRB1*01:01,binding.smm_align.adjusted_percentile.HLA-DRB1*03:01,binding.smm_align.adjusted_percentile.HLA-DRB1*04:01,binding.smm_align.adjusted_percentile.HLA-DRB1*04:05,binding.smm_align.adjusted_percentile.HLA-DRB1*07:01,binding.smm_align.adjusted_percentile.HLA-DRB1*08:02,binding.smm_align.adjusted_percentile.HLA-DRB1*09:01,binding.smm_align.adjusted_percentile.HLA-DRB1*11:01,binding.smm_align.adjusted_percentile.HLA-DRB1*12:01,binding.smm_align.adjusted_percentile.HLA-DRB1*13:02,binding.smm_align.adjusted_percentile.HLA-DRB1*15:01,binding.smm_align.adjusted_percentile.HLA-DRB3*01:01,binding.smm_align.adjusted_percentile.HLA-DRB4*01:01,binding.smm_align.adjusted_percentile.HLA-DRB5*01:01,overall median binding percentile,binding.median_percentile.HLA-DPA1*01:03/DPB1*02:01,binding.median_percentile.HLA-DPA1*01:03/DPB1*04:01,binding.median_percentile.HLA-DPA1*02:01/DPB1*01:01,binding.median_percentile.HLA-DPA1*02:01/DPB1*05:01,binding.median_percentile.HLA-DPA1*02:01/DPB1*14:01,binding.median_percentile.HLA-DPA1*03:01/DPB1*04:02,binding.median_percentile.HLA-DQA1*01:01/DQB1*05:01,binding.median_percentile.HLA-DQA1*01:02/DQB1*06:02,binding.median_percentile.HLA-DQA1*03:01/DQB1*03:02,binding.median_percentile.HLA-DQA1*04:01/DQB1*04:02,binding.median_percentile.HLA-DQA1*05:01/DQB1*02:01,binding.median_percentile.HLA-DQA1*05:01/DQB1*03:01,binding.median_percentile.HLA-DRB1*01:01,binding.median_percentile.HLA-DRB1*03:01,binding.median_percentile.HLA-DRB1*04:01,binding.median_percentile.HLA-DRB1*04:05,binding.median_percentile.HLA-DRB1*07:01,binding.median_percentile.HLA-DRB1*08:02,binding.median_percentile.HLA-DRB1*09:01,binding.median_percentile.HLA-DRB1*11:01,binding.median_percentile.HLA-DRB1*12:01,binding.median_percentile.HLA-DRB1*12:02,binding.median_percentile.HLA-DRB1*13:02,binding.median_percentile.HLA-DRB1*15:01,binding.median_percentile.HLA-DRB1*15:02,binding.median_percentile.HLA-DRB3*01:01,binding.median_percentile.HLA-DRB3*02:02,binding.median_percentile.HLA-DRB4*01:01,binding.median_percentile.HLA-DRB5*01:01,global median binding percentile
LFQYGYIPIENELAD,24,9.2,5.4,18,11,3.6,3.2,31,2,6,7.7,22,1.7,42,0.09,0.45,4,3.1,5.1,4.2,29,28,18,8.4,1.3,6.6,2.2,7.6,4.8,18,25,2.2,6.8,21,44,32,50,0.73,1.6,47,16,6.5,27,14,9,62,3.2,4.8,1.4,48,11,66,4.5,4.2,62,24,25,39,41,40,24,44,38,39,11,20,9.2,5.95,22.5,11,8.8,6.1,46.5,2.6,5.4,4.55,35,11,42,2.2,4.2,21,24,15.05,32,35,28,40,8.4,1.45,25.3,2.2,22.8,39,15.05
NLQIKQILSNGADTT,9.9,31,32,15,22,22,16,9.5,20,11,22,25,3,24,0.96,3.8,4.2,6.3,12,9.1,6.8,5.5,12,0.97,2.2,22,7,4.4,9.5,19,36,8.8,7.8,27,2.7,11,7.5,19,26,32,68,40,55,39,59,44,63,73,48,35,3.7,24,1.3,2.9,15,5,1.6,16,9.3,12,1.2,51,2.6,10,12,38.95,31,36,35,22,30.5,37.5,26.75,41.5,42,35,30,3.7,24,1.3,3.8,15,5,6.8,11,8.05,5.5,12,1.2,14.1,36.5,7,3.5,10,15
AQKRHFYFANSNKGA,7.8,8.8,7.1,2,0.8,8.3,5.2,19,13,0.57,11,3.3,0.85,39,0.1,1.2,0.87,1.6,0.07,2.7,48,44,4,6.5,0.66,9,0.94,16,0.86,15,59,7,3.4,28,46,39,18,52,22,22,41,31,14,65,22,80,83,87,77,30,18,87,4.5,30,15,63,26,8.9,16,14,30,19,86,4.7,15,24.4,8.8,19.05,8,0.8,36.65,13.6,49.5,48,43.78,44,16.65,15,59,4.5,3.4,15,46,13.04,8.9,32,44,14,30,11.33,14,0.94,51,4.7,15
TIFIKMAKIPVPTAS,22,20,30,12,9.1,30,52,9.7,27,23,48,17,17,28,12,17,25,2.3,18,1.4,12,9.5,3.2,24,12,22,16,6.8,15,11,10,45,45,17,6.8,2.3,7.5,26,6.9,19,41,25,17,22,47,25,65,46,58,18,2.9,22,9.5,1.3,5.6,0.6,4,0.09,2.3,6,5.1,44,5.2,4.6,17,31.5,20,27.5,14.5,9.1,26,49.5,17.35,46,34.5,53,17.5,11,22,12,17,17,2.3,11,1.4,7.15,9.5,6,24,9.45,33,16,6,15,17
GSSFFKIKRAVAPAL,11,17,17,2.4,17,15,43,39,35,3.8,42,25,17,25,17,23,13,0.01,12,0.01,23,19,0.29,29,11,29,9.9,35,7.1,5.8,28,51,46,17,5.3,5.3,6.9,25,20,31,39,34,11,43,47,33,61,47,44,13,2.9,25,3,11,6.4,0.2,0.23,0.19,5.8,2.7,12,26,30,5.9,17,25,17,25.5,6.7,17,29,45,36,48,25.4,43,19,5.8,25,17,23,13,0.2,6.12,0.19,14.4,19,2.7,25,15.5,27.5,9.9,32.5,7.1,19
QVKIYNLQIKQILSN,11,16,18,12,38,7.3,20,25,62,39,54,67,13,30,36,33,25,9.6,27,5.8,1.1,0.95,7.1,14,18,25,27,19,18,13,36,37,32,20,2.7,11,5.3,15,21,7,22,4.2,14,11,27,15,71,51,34,73,20,37,47,20,26,8,26,9,13,15,15,22,0.45,23,20,16.5,16,11.1,13,38,9.15,23.5,20,66.5,45,44,70,13,36,37,32,25,8,26.5,9,7.05,0.95,7.1,15,19.5,23.5,27,9.72,18,19.5
GNNGNIIANPSLSML,45,32,30,39,40,18,39,4.3,37,41,43,36,17,4,14,22,9,25,24,30,6.1,7.8,2.5,9.6,13,2.9,0.26,28,27,22,28,11,25,19,48,21,26,13,18,71,23,9.8,36,3.2,47,14,50,35,43,15,7.5,2.5,4.1,21,12,3.6,16,25,4.4,0.58,8.1,9.2,16,34,20,34,32,19.9,37.5,40,10.6,43,9.15,43.5,38,43,25.5,17,4,11,22,12,25,20,25,5.25,7.8,2.5,9.6,15.5,6.05,0.26,22,34,20
VQYIRQNGSTAASTG,53,62,68,60,6.6,58,34,5.9,27,18,32,3.4,1.7,12,3.7,16,15,15,27,16,28,29,3.3,11,6.9,9.7,0.14,16,7.1,5.6,15,5.1,18,41,29,18,32,21,30,22,63,55,89,62,91,3,58,34,64,3.6,4.6,40,2.9,30,56,3.1,8.5,27,46,9.6,28,36,6.4,26,21.5,58,62,61.5,74.5,6.6,60,62.5,4.45,42.5,26,48,3.5,4.6,15,3.7,18,41,15,17.75,18,37,29,9.6,21,18.45,22.85,0.14,11.2,22,21
PTYHVDPTGAYIQPT,49,22,7.4,18,20,23,46,16,7.5,9.3,1.7,1.2,22,1.3,1.3,4.5,11,14,8,13,26,25,5.5,37,15,0.01,2,20,6.8,85,8.7,11,32,61,42,57,65,85,65,48,78,91,81,84,63,11,20,6.7,67,14,72,17,45,71,72,73,63,72,34,60,77,0.25,70,60,24,63.5,22,49.2,49.5,20,53.5,54.5,13.5,13.75,8,34.35,7.6,72,8.7,11,32,61,42,35.5,57,30,25,60,77,40,0.13,2,45,48,35.5
KIKRAVAPALGNKER,24,19,11,2.6,0.01,23,43,17,20,13,32,13,9.2,46,21,9.2,14,25,4,30,31,23,29,17,21,31,18,32,16,5.8,28,60,51,17,60,44,52,25,34,31,86,85,62,82,94,16,41,45,68,12,12,56,20,33,21,5.9,2.2,48,38,9.1,40,66,56,23,25,55,19,48,32.3,0.01,52.5,68.5,16.5,30.5,29,50,12.5,9.2,46,21,33,17,25,3.1,44,34.5,23,29,25,27.5,48.5,18,44,23,29
KNTRQFITTIQNGHL,37,23,12,4.7,0.12,25,26,7.3,30,13,20,37,44,59,24,16,12,18,8.2,19,22,22,38,22,28,29,25,32,25,63,76,28,36,30,61,53,70,40,50,30,40,17,33,22,61,8.2,48,38,41,78,32,45,19,9.4,11,5.3,24,29,28,3.6,4.9,64,25,15,27,38.5,23,14.5,18.85,0.12,23.5,43.5,7.75,39,25.5,30.5,57.5,44,59,24,16,12,18,16.1,29,25,22,38,22,39,46.5,25,28.5,25,25
QNGHLYKTEAIETTN,11,4.3,2.7,8.3,7.7,1.5,24,35,17,6.6,5.2,16,6.2,49,9,14,1.3,25,7.5,31,37,32,27,12,15,14,14,16,21,34,78,20,65,16,80,59,71,37,47,36,27,12,10,14,49,64,51,32,22,42,37,75,7.8,38,27,63,49,55,53,64,40,32,30,68,27,19,4.3,7.35,9.15,7.7,7.75,36.5,49.5,34,19.3,13.6,29,34,75,9,38,16,63,28.25,55,45,32,64,37,31,23,14,23,36,29
SGKNPYLYFNKADEK,12,9,11,3.1,26,16,11,64,59,8.6,59,67,31,21,25,8.4,26,1.7,23,1.7,40,39,3.9,24,9,26,9.7,29,15,59,55,28,21,63,11,13,3.3,55,25,53,23,26,21,57,11,92,40,36,31,89,77,78,67,8.3,93,88,91,24,31,58,56,70,49,40,27,17.5,9,18.5,12.05,26,36.5,11,78,49.5,22.3,45,78,59,55,28,8.4,63,11,57,13,35.5,39,3.9,55,17,48,9.7,39,40,35.5
KYVVTKNTRQFITTI,26,50,57,30,58,54,64,71,76,41,81,86,40,9.7,6.9,12,21,14,45,15,9.3,10,3.7,26,19,25,10,47,19,40,40,0.23,0.86,24,4.6,29,0.43,52,34,15,30,27,5,50,68,32,83,87,82,83,44,8.1,24,26,21,21,67,19,51,4.6,67,21,39,18,28,28,50,42,17.5,58,52,66,51.5,79.5,64,81.5,84.5,40,9.7,6.9,12,21,14,56,19,30.15,10,3.7,52,26.5,23,10,43,18,30.15
SELIKSGKNPYLYFN,58,75,56,40,57,58,23,71,55,62,34,19,15,6,19,31,21,41,13,30,11,12,5.8,3.3,6.1,23,11,29,24,38,14,72,74,29,68,62,33,22,30,58,64,63,29,70,62,82,89,90,77,48,26,1.5,12,24,15,14,4.5,20,6.2,2.8,5.6,26,28,25,29,61,75,59.5,34.5,57,64,42.5,76.5,72,76,55.5,33.5,26,6,19,31,21,41,8.75,30,8.6,12,5.8,5.6,18.05,24.5,11,28.5,25,30
TEKALLYQMPFFLLE,9.2,4.5,13,30,62,9.9,21,98,88,96,72,95,15,83,83,77,67,85,70,81,21,36,76,25,33,71,89,41,54,5,23,52,20,14,64,49,13,12,18,9.5,0.37,0.08,0.19,0.73,6.7,49,39,34,8.3,83,5.1,39,27,18,24,71,42,37,13,18,1.2,30,15,6.1,30,4.78,4.5,6.54,15.1,62,5.32,13.85,73.5,63.5,65,40.15,89,5.1,39,52,20,24,71,56,49,17,36,18,12,25.5,50.5,89,28,9.5,28
IGGIIGSSFFKIKRA,0.15,0.11,0.12,0.29,8.2,0.18,36,25,57,16,45,33,39,32,73,65,9.8,37,9.4,38,11,15,21,18,23,34,25,28,43,34,43,65,52,2.7,82,77,65,22,30,28,0.25,0.35,5,1.4,21,31,79,74,70,20,47,41,63,43,35,31,62,51,49,23,24,46,56,26,31.5,0.2,0.11,0.24,2.64,8.2,0.79,28.5,28,68,45,57.5,26.5,39,41,65,52,9.8,37,35.7,51,30,15,23,22,26.5,40,25,42,28,28
SHFSDKYVVTKNTRQ,36,31,28,18,29,28,62,25,39,5.7,58,59,20,47,1.3,1.6,1.8,4.9,8.7,6,55,56,14,37,9.3,13,4,37,6.6,40,79,0.23,0.86,24,28,29,56,63,34,15,61,67,45,59,90,79,91,94,91,69,21,63,6.3,9.8,11,31,73,8.1,82,70,51,65,79,7.5,32.5,48.5,31,47.5,31.5,29,43.5,76,52,65,49.85,74.5,64,21,63,1.3,1.6,11,28,40.85,8.1,68.5,56,56,51,21.65,39,4,58,7.5,43.5
VGDIWMFPNQVWDRF,46,34,42,47,73,45,2.9,69,26,67,45,69,37,21,26,16,27,43,32,44,9.6,17,24,3,5.7,25,28,31,34,58,30,51,14,45,51,41,15,24,32,57,29,30,47,56,16,86,19,36,20,94,49,44,73,26,52,32,46,54,21,21,6.3,20,15,53,33,37.5,34,36,47,73,50.5,9.45,77.5,22.5,51.5,32.5,81.5,49,30,51,16,45,43,39,44,15.3,17,21,6.3,18.85,22.5,28,23,53,36
LYQMPFFLLENSDHQ,43,27,28,67,62,48,33,78,28,71,41,78,25,79,7.7,6.2,72,47,63,40,71,61,80,66,39,40,48,34,30,17,68,0.41,0.15,15,25,21,49,12,18,14,1.7,0.58,1.6,2.6,2.9,62,41,46,21,97,19,30,1.8,1.8,56,74,79,31,33,63,36,22,28,16,33.5,22.35,27,14.29,34.3,62,25.3,17.95,70,34.5,58.5,31,87.5,19,68,1.8,1.8,56,47,71,31,52,61,63,36,28.5,31,48,31,16,34.3
VPTRRVQYIRQNGST,30,34,16,4.9,3.1,24,55,36,75,13,75,78,51,46,25,29,39,14,22,15,12,6.2,31,19,30,69,38,13,31,30,15,19,18,41,28,18,32,32,42,22,37,35,54,45,79,70,92,93,93,83,47,84,42,35,55,29,86,26,62,51,38,89,0.96,43,35,33.5,34,25.5,29.45,3.1,34.5,67,53,83.5,53,84,80.5,47,46,25,29,41,28,54,18,37,6.2,32,32,36,79,38,6.98,31,34.5
EYKRFRPKAMQVKIY,5.8,26,36,18,4.2,31,73,80,64,9.4,75,73,33,66,63,58,29,11,41,17,37,38,12,48,17,65,34,64,9.7,4.6,67,41,16,17,5.7,9.5,1.6,22,5.6,12,75,57,27,71,72,57,87,77,69,63,18,87,19,39,25,48,9.7,9.9,26,62,21,51,56,5.2,35,40.4,26,46.5,22.5,4.2,51,72.5,68.5,75.5,43.2,72,68,18,67,41,39,25,11,25.35,9.9,31.5,38,12,22,11.3,58,34,60,9.7,38
YLYFNKADEKFIDDL,37,29,19,33,40,36,42,83,58,47,30,42,23,28,42,32,6.7,42,0.85,42,56,52,32,48,16,20,23,66,20,41,55,28,21,40,11,13,3.3,55,25,41,33,27,5.3,65,15,87,49,62,11,80,59,47,57,22,18,76,12,38,13,35,80,15,82,9.2,35.5,35,29,23,19.15,40,50.5,28.5,85,53.5,54.5,20.5,61,41,47,42,22,18,42,6.42,38,34.5,52,32,55,20.5,17.5,23,74,20,35
QRLTNEYKRFRPKAM,26,39,56,28,70,63,61,95,73,12,69,78,34,5.7,57,51,13,42,20,27,42,46,5.5,36,11,46,50,56,15,4.6,67,41,16,17,13,9.5,1.6,22,5.6,12,37,69,15,70,37,94,98,96,94,83,7.7,14,4.4,17,9.9,24,1.9,3.4,58,67,7.1,42,56,1.8,36.5,31.5,39,62.5,21.5,70,66.5,49,94.5,85.5,54,81.5,80.5,7.7,14,41,17,13,24,10.95,9.5,50,46,5.5,22,8.3,44,50,56,12,41
YKTWKLFQYGYIPIE,4.2,7.1,16,26,41,20,24,92,30,57,46,43,40,88,78,60,30,39,24,45,25,39,55,17,12,51,74,84,49,25,25,74,42,11,28,32,8.4,0.73,0.55,19,3.4,4.1,1.2,15,2.7,88,73,54,39,46,57,84,42,13,34,68,12,53,14,45,6.4,34,39,41,36.5,3.8,7.1,10.05,13.6,41,17.5,13.35,90,51.5,55.5,42.5,44.5,40,84,74,42,30,39,18,45,19.5,39,45,6.4,6.28,42.5,74,61.5,41,41
RPKAMQVKIYNLQIK,1.5,14,25,15,51,22,38,16,47,34,59,69,57,62,72,58,21,25,45,37,22,23,28,30,38,67,62,30,55,74,48,67,52,73,5.3,45,25,15,21,7,38,30,12,34,36,36,82,82,71,80,51,79,55,28,16,8.8,78,44,32,6.8,7.7,76,11,43,37.5,19.75,14,27.5,13.5,51,28,37,26,64.5,58,65,74.5,57,62,67,52,21,8.8,61.5,44,27,23,25,15,29.5,71.5,62,20.5,43,37
IPPGLMFNPKVPTRR,20,19,49,22,66,37,58,85,82,38,83,82,39,3.1,40,60,64,6,54,3.1,21,21,0.88,23,31,13,3.6,30,12,31,17,71,63,61,28,32,19,45,54,17,62,55,46,57,37,93,95,85,79,66,30,19,35,45,45,41,31,7.6,8.3,13,22,44,61,0.55,37.5,41,19,52,34,66,47,47.5,89,88.5,61.5,81,74,31,17,40,60,61,28,42.5,7.6,14.65,21,13,23,42.5,28.5,3.6,45.5,12,41
RDQLLYKGNQTTYNL,7.9,57,59,42,42,50,56,70,82,21,84,63,33,40,16,27,44,4.1,29,16,26,25,11,7.3,9.8,27,1.2,40,27,39,53,8,4.3,64,35,50,42,50,59,70,65,37,26,55,73,83,94,91,73,61,28,68,20,21,56,23,38,41,24,34,12,20,37,44,39.5,36.45,57,48,34,42,52.5,64.5,76.5,88,56,78.5,62,33,53,16,21,56,23,33.5,41,25,25,34,12,34.4,23.5,1.2,38.5,44,38.5
GADTTYNNDLTAGVH,62,48,58,69,40,44,20,18,27,27,9.4,19,27,10,2.2,7,22,42,22,41,75,74,29,50,34,0.34,2.9,45,36,58,9.6,1.7,22,48,29,45,37,71,42,79,82,88,91,73,27,54,52,70,71,50,40,34,3.5,13,43,65,9.8,54,34,12,64,0.8,90,57,40.5,72,48,73,80,40,58.5,23.5,36,39.5,48.5,40.2,34.5,40,10,2.2,13,43,42,15.9,45,54.5,74,29,64,38,0.57,2.9,67.5,57,40.2
IIANPSLSMLRDQLL,90,74,80,80,93,76,7.7,66,71,90,54,84,50,66,68,50,56,93,77,87,31,31,63,43,57,66,53,74,72,22,28,11,25,19,48,21,26,13,18,46,38,21,44,9.8,26,28,55,50,18,51,4.4,8.7,18,13,9.8,26,22,32,13,2.9,19,27,0.01,31,40.5,64,74,50.5,62,93,42.9,16.85,47,63,70,36,67.5,22,28,18,25,19,48,49.5,32,22,31,26,19,37.5,46.5,53,37.01,46,42.9
WVLPGYRYLGPFNPL,40,62,58,50,70,63,79,96,80,57,69,84,8.8,88,23,21,33,33,38,26,62,54,76,56,21,64,43,92,16,0.59,17,21,6.9,8.8,8.9,4.4,1.6,13,6.9,1.8,9.5,23,15,24,32,95,91,86,54,59,22,91,27,34,65,81,42,33,55,91,21,62,79,23,41,24.75,62,40.5,32.5,70,43.5,55.5,95.5,85.5,71.5,61.5,71.5,8.8,88,23,21,33,33,40,26,58.5,54,76,21,13.95,63,43,85.5,16,43.5
SLSMLRDQLLYKGNQ,54,55,48,36,74,35,15,42,79,73,69,84,39,5.7,64,61,83,67,89,62,40,41,59,37,59,25,61,2.6,53,40,5.4,22,51,54,48,32,38,42,52,38,22,17,4.9,7.5,37,52,91,85,33,95,14,13,46,35,28,35,56,42,16,69,30,23,0.39,57,42,38,55,32.5,20.45,74,21.25,26,47,85,79,51,89.5,39,5.7,46,51,54,48,72.5,42,28,41,59,37,55.5,24,61,1.5,53,47
NLEYKLQWYQTPEGT,6.1,11,15,30,72,14,4.6,77,82,23,74,78,50,56,16,12,45,29,41,40,47,43,47,1.3,3.1,55,44,28,45,34,35,42,32,69,18,53,32,16,23,52,12,25,43,49,4.7,75,71,69,41,84,73,94,29,51,87,80,44,62,44,91,48,39,32,65,43.5,9.05,11,20,36.5,72,31.5,4.65,76,76.5,46,57.5,81,50,56,29,32,69,29,42.5,53,45.5,43,47,16,13.05,47,44,30,52,44
MDPFDGSIAMDHPPG,20,17,23,25,2.9,19,42,14,17,16,12,2.6,31,62,19,23,15,41,4,52,92,87,59,89,59,23,15,74,24,66,84,35,45,43,74,47,87,32,41,61,66,69,79,68,66,60,33,6.5,33,20,64,54,57,11,35,86,63,64,83,94,78,57,69,31,44,43,17,46,52,2.9,43.5,54,37,25,11.25,22.5,11.3,64,62,35,23,35,74,33.5,52,87.5,87,87,78,50,40,15,71.5,31,43
CEIVWEVERYATKNW,8.4,7.1,19,5.4,57,8.5,35,83,77,47,68,87,39,41,61,68,80,36,61,30,35,35,41,21,36,59,61,44,19,52,84,39,50,69,20,63,57,44,54,40,15,39,32,46,7.8,84,40,80,26,76,82,23,53,88,83,12,48,47,61,77,30,26,76,42,45,11.7,7.1,29,18.7,57,27.25,21.4,83.5,58.5,63.5,47,81.5,52,41,53,68,80,20,54.5,47,48,35,57,30,45,42.5,61,60,40,47
MPDLPYKTWKLFQYG,9.2,23,28,20,72,22,12,81,31,8.9,50,67,61,62,76,58,48,43,41,36,13,16,26,14,11,44,63,65,40,78,74,86,48,38,46,44,8.4,51,23,30,18,4.3,1.8,26,15,85,92,88,76,96,83,93,91,84,64,69,93,45,23,88,11,43,67,65,45.5,13.6,23,16.15,10.9,72,24,13.5,83,61.5,48.45,63,81.5,78,74,86,58,48,46,67,44,18,16,26,14,17,43.5,63,66,40,46
SPQDWQRLTNEYKRF,47,52,40,8.8,59,45,56,68,80,44,63,77,13,54,11,13,36,25,44,16,49,43,31,38,13,29,22,48,0.23,32,77,1.7,12,68,48,26,48,78,52,11,61,60,14,66,69,85,66,78,67,100,46,67,28,19,78,20,76,18,41,47,30,30,61,6.3,45.5,54,52,50,11.4,59,55.5,62.5,76.5,73,61,65,88.5,32,67,11,13,68,25,60,18,45,43,47,38,32.5,29.5,22,54.5,6.3,50
YIPIENELADLDGNA,55,30,16,52,36,24,17,24,4.7,60,2,22,33,19,14,4.4,66,58,51,59,48,52,69,61,69,21,38,2,51,18,73,2.2,6.8,32,58,32,71,56,26,48,71,28,75,45,23,53,24,49,4.5,73,27,31,20,21,87,60,55,66,48,35,62,48,53,65,46.5,63,30,22,63.5,36,34.5,20,38.5,14.35,54.5,3.25,47.5,27,31,14,6.8,66,58,53,59,48,52,69,61,47.5,34.5,38,27.5,51,38.5
FITTIQNGHLYKTEA,26,49,41,41,46,31,53,12,56,42,27,3.3,47,50,65,56,57,55,30,60,22,22,42,30,48,72,59,26,53,53,40,28,36,30,61,53,70,29,38,30,57,39,58,40,83,54,91,87,60,38,55,62,51,31,27,27,47,47,17,12,15,63,58,33,46.5,41.5,49,40,49.5,46,35.5,68,33,73.5,64.5,43.5,20.65,53,50,51,36,30,55,38.5,53,19.5,22,42,29,43,67.5,59,42,33,43
YRYLGPFNPLDNGEP,41,49,54,45,63,55,47,60,38,24,72,71,58,69,26,15,51,45,44,59,58,52,71,28,39,62,39,55,42,0.59,24,21,6.9,27,8.9,4.4,1.6,9.9,6.9,1.8,30,47,46,59,22,98,78,79,49,85,36,94,30,13,81,74,42,56,59,93,61,76,84,42,47,35.5,49,50.5,45.5,63,57,34.5,79,58,51.5,60.5,78,36,69,26,13,51,45,43,56,58.5,52,71,28,22.95,69,39,69.5,42,51
KDDWSIGGIIGSSFF,93,89,92,94,80,79,62,17,38,62,27,3.1,39,88,27,48,56,49,37,59,48,53,78,85,70,70,37,62,65,34,21,41,52,33,23,14,38,42,19,28,90,81,86,79,40,48,34,53,46,1.4,40,94,42,21,26,8.5,44,58,69,72,28,74,37,54,48,91.5,89,86.5,90,80,79,51,32.5,36,57.5,36.5,2.25,39,88,41,48,33,23,40.5,58,58.5,53,72,42,44.5,72,37,49.5,54,51
FFLLENSDHQVLRTG,56,59,65,70,84,57,44,28,75,59,73,81,69,21,23,34,52,64,29,65,64,62,31,56,57,33,23,46,64,17,57,0.41,0.15,11,25,21,53,52,23,25,52,44,57,46,27,52,71,74,43,83,47,13,9.2,8,39,79,68,52,32,3.9,68,20,42,32,49.5,54,59,54.5,63.5,84,51.5,35.5,40,73,66.5,58,82,47,21,9.2,8,39,64,48.5,52,48,62,31,56,40,26.5,23,44,32,48.5
SKPTSWMTGPGLLSA,78,82,73,87,69,78,77,67,63,21,48,21,19,90,31,47,36,64,27,65,87,75,73,55,41,44,27,79,46,19,54,56,75,53,39,24,48,32,9.8,49,38,48,74,13,39,9.7,52,83,56,26,8.2,61,17,60,36,33,15,25,26,61,58,67,66,64,50.5,58,82,60.5,80.5,69,45.5,58,38.35,57.5,52,52,23.5,19,61,31,60,36,39,21,25,56.5,75,61,55,25.4,55.5,27,72.5,49,55
WMTGPGLLSAQRVGP,89,84,75,81,68,75,40,62,34,34,24,29,14,66,70,73,43,59,58,43,46,43,71,64,73,78,61,72,69,19,34,56,75,53,39,24,42,32,9.8,49,62,65,91,30,70,26,44,43,65,16,12,48,37,64,49,56,33,29,40,66,38,91,11,55,51,75.5,84,70,86,68,52.5,55,44,39,38.5,44.5,22.5,14,48,56,73,49,56,45.5,29,43,43,66,38,41.4,84.5,61,41.5,55,49
FYFANSNKGAKKTKK,76,82,84,56,78,86,95,79,96,66,93,71,42,33,30,54,59,22,66,11,88,93,17,80,35,49,2.2,83,19,15,50,7,3.4,28,35,32,18,52,22,22,69,64,36,83,94,79,97,96,96,28,39,41,20,80,35,57,49,18,32,28,70,42,97,3.9,51,72.5,82,74,46,78,84.5,94.5,79,96.5,81,94.5,49.5,39,41,20,54,35,35,57.5,18,60,93,18,70,28.5,45.5,2.2,90,19,57.5
DHPPGTIFIKMAKIP,26,19,22,25,49,18,48,19,25,19,20,22,59,70,81,68,31,51,57,53,19,18,35,52,60,76,73,52,55,61,74,76,80,72,14,53,23,71,77,62,40,25,13,26,65,36,58,53,68,49,63,78,89,74,30,61,84,34,12,21,16,77,21,41,51.5,33,19,23.5,19,49,22,56.5,27.5,41.5,36,44,35.5,61,74,81,74,31,51,70.5,53,15.5,18,23,52,68.5,76.5,73,36.5,55,44
TAGVHIFCDGEHAYP,74,52,46,41,66,61,6,66,33,44,6.1,26,35,2,27,24,53,53,47,58,19,22,27,15,27,1.1,31,46,40,80,55,75,27,83,54,58,87,16,22,51,72,78,71,76,27,34,33,43,26,70,88,22,76,79,97,94,75,88,72,73,71,8.9,96,92,51.5,73,52,62,56,66,68.5,16.5,50,33,43.5,16.05,48,80,22,75,27,83,54,61,58,45.5,22,73,16,24.5,5,31,71,51,51
HDHAYSELIKSGKNP,17,22,16,7.1,23,15,69,3.4,57,18,45,26,50,50,40,55,58,5.2,43,3.2,64,64,12,77,49,69,54,37,6,88,88,88,88,94,56,53,73,95,92,55,47,42,27,32,62,42,75,82,85,35,58,97,62,39,41,93,48,8,62,72,43,94,67,14,51.5,32,22,29,17.05,23,23.5,65.5,22.7,66,50,65,30.5,58,88,62,55,58,56,45.5,8,63,64,72,77,70.5,81.5,54,52,14,55
DPTGAYIQPTSYDQC,44,47,60,79,65,42,53,18,21,18,9.1,1.2,73,80,32,14,54,72,52,73,40,44,87,60,68,63,59,45,70,67,87,49,18,53,47,50,73,57,56,40,40,52,75,72,50,29,27,14,38,22,55,91,37,45,59,51,83,72,47,88,76,84,54,30,52.5,42,47,56,77,65,57,51.5,23.5,24,16,23.55,11.6,67,87,37,18,54,51,67.5,72,43.5,44,87,60,62,73.5,59,49.5,40,51.5
CEWVNNERAYIPPGL,82,70,66,68,63,62,34,6.5,70,60,60,53,64,25,65,66,52,28,61,15,65,68,8.2,58,39,16,7.6,84,55,4.6,13,31,57,20,1.9,2.6,1.4,16,4.1,43,58,77,63,81,15,28,62,67,45,39,71,24,65,67,73,20,26,27,36,2.5,42,3.8,74,76,52.5,70,70,71.5,65.5,63,71.5,24.5,17.25,66,63.5,52.5,46,64,24,65,66,52,20,43.5,15,50.5,68,2.5,42,21.55,9.9,7.6,79,55,52.5
EVERYATKNWRPERR,0.64,3.6,4.6,2.2,5.8,5.8,45,70,76,6,73,73,54,31,40,42,40,19,50,22,53,53,19,28,28,53,31,47,26,85,88,65,50,69,20,63,51,44,54,77,66,75,59,79,39,95,62,83,91,83,94,46,79,78,74,51,96,56,85,89,60,91,90,35,53.5,33.32,3.6,39.8,30.6,5.8,42.4,42,82.5,69,44.5,82,78,85,46,65,50,69,20,73,56,69,53,51,44,41,72,31,68.5,35,50
SDTDIQDQQPDTVDA,44,27,25,47,47,25,4.9,43,3.3,25,0.79,8.3,18,26,25,34,51,70,32,75,30,30,55,38,51,14,29,0.25,51,73,74,66,83,90,92,91,77,88,91,90,82,82,97,83,53,92,36,65,32,87,75,45,74,94,85,78,62,98,89,15,87,62,14,94,54,63,27,53.5,72,47,54,28.95,67.5,19.65,45,16.4,47.65,73,45,66,83,85,78,47,91,59.5,30,55,87,71,38,29,7.12,90,54
TPWTYFNFNQYSCHF,4,6.4,9.6,23,85,16,17,90,76,42,77,89,52,91,71,59,60,63,57,63,51,61,56,30,7.3,58,47,86,59,20,86,30,24,33,29,23,26,25,6.4,48,2.9,2.4,4.5,22,0.94,92,39,70,43,93,80,90,64,56,71,76,83,58,22,34,68,39,70,72,54,3.45,6.4,6,13.75,85,19,8.97,91,57.5,56,60,91,52,90,64,56,60,63,70,58,36.5,61,34,30,6.85,48.5,47,78,59,56
MFPNQVWDRFPITRE,21,9.5,16,20,70,24,44,89,62,56,77,90,88,43,68,29,79,59,69,58,49,55,36,45,53,42,58,67,49,60,30,54,18,74,51,41,15,69,62,57,16,40,38,49,7,98,37,46,55,95,90,34,80,12,90,43,74,68,51,96,84,20,74,74,54.5,18.5,9.5,28,29,70,36.5,25.5,93.5,49.5,51,66,92.5,88,34,68,18,79,51,71.5,58,50,55,36,69,57.5,31,58,70.5,57,55
MPPIKRQPRGWVLPG,36,33,50,33,40,61,65,93,98,75,93,88,56,11,54,74,65,13,65,5.4,6.7,4.9,4.1,19,35,33,41,11,46,53,16,83,86,69,42,34,34,31,40,23,90,91,77,91,81,89,98,96,97,82,78,78,96,98,59,20,18,23,70,44,32,61,49,60,55,63,33,70.5,55,40,76,73,91,98,85.5,95,85,56,16,83,86,65,20,41.5,23,38.35,4.9,34,31,37.5,47,41,30,46,47
RAAQLHDHAYSELIK,1.3,3.6,8.7,29,46,9.9,38,68,41,64,43,46,69,45,56,54,21,64,32,70,50,53,55,47,55,21,69,60,75,84,91,85,88,52,94,94,88,40,50,88,25,38,63,48,44,75,63,41,55,56,66,62,75,40,17,90,30,83,61,41,62,29,76,66,55,13.15,3.6,23.35,46,46,28.95,41,71.5,52,52.5,49,51,69,62,75,54,21,90,31,83,55.5,53,55,47,52.5,25,69,68,75,52.5
YKTEAIETTNQSGKS,74,70,51,38,28,63,75,16,30,22,44,41,45,31,7.4,18,40,38,48,45,58,53,54,60,61,56,38,21,35,58,85,20,65,64,80,77,71,87,70,49,53,35,56,34,87,45,41,64,66,63,72,84,27,68,76,38,80,77,58,40,94,64,54,61,55,63.5,70,43,47,28,48.5,81,30.5,35.5,43,55,52,58,84,20,65,64,38,64,77,58,53,54,87,65.5,60,38,37.5,49,54
WDEDVMPDLPYKTWK,56,51,44,53,42,41,50,64,45,75,22,27,42,3.7,26,55,71,72,62,69,47,51,31,55,61,4.3,21,30,55,57,9.7,55,67,66,75,76,76,50,59,62,69,79,80,83,23,98,54,70,34,84,67,3.3,37,79,81,60,82,75,46,34,29,5.6,76,54,55,62.5,51,61.5,66.5,42,62,36.5,81,49.5,72.5,28,55.5,57,3.7,37,67,71,72,72,75,46.5,51,34,50,60,4.95,21,53,55,55
RQPRGWVLPGYRYLG,12,24,47,45,12,45,40,92,90,47,85,92,56,72,92,90,62,68,66,56,5.2,8.1,64,44,56,61,76,58,59,25,17,78,57,8.8,50,64,30,32,9.8,8.8,16,44,42,27,5.3,92,82,89,61,48,52,69,94,90,70,85,74,36,43,94,29,45,93,28,56,14,24,45.5,43.5,12,36,22.65,92,86,68,73,70,52,69,92,90,62,68,70,56,24.1,8.1,64,32,32.9,53,76,75.5,28,56
APFMVCTNPEGTHIN,72,77,81,75,39,66,78,56,56,68,59,40,14,54,3.2,7.7,37,15,47,17,81,75,50,44,21,43,9.6,44,23,25,56,24,15,26,57,40,39,60,30,49,72,86,91,74,89,96,83,85,59,63,56,62,26,43,60,66,69,44,75,28,74,67,83,70,56,72,77,83.5,83,39,70,83.5,76,69.5,76.5,59,51.5,25,56,24,15,37,57,58,40,78,75,39,60,25.5,55,9.6,63.5,49,58
TTYNLVGDIWMFPNQ,55,21,61,79,93,48,14,72,27,73,25,68,50,71,36,24,35,82,66,80,81,91,85,80,39,42,79,91,68,26,6.8,25,18,12,62,35,73,32,11,14,28,41,56,51,17,77,59,56,25,69,59,54,42,37,63,80,55,82,61,63,67,11,74,67,56,41.5,21,51,67.5,93,49.5,15.5,74.5,43,64.5,25,68.5,50,54,36,24,35,80,60.5,80,71,91,73,67,25,26.5,79,82.5,67,60.5
ATKNWRPERRHTALG,25,23,42,13,55,41,68,92,93,14,91,83,31,16,27,41,73,1.3,61,0.58,54,49,1.1,62,26,19,14,36,15,15,63,19,69,59,13,15,11,26,7.4,38,89,96,92,95,74,95,98,96,97,91,89,55,76,99,97,82,93,19,91,99,92,38,86,85,57,57,23,69,52.5,55,68,71,93.5,95.5,55,94,87,31,55,27,69,73,13,77,15,72.5,49,11,62,16.7,28.5,14,61,38,55
AGGNATEKALLYQMP,48,27,29,28,38,25,41,26,27,34,15,40,72,46,58,61,57,62,63,64,21,28,63,72,77,26,58,50,50,100,100,100,100,100,100,100,100,100,100,100,47,43,26,46,66,14,37,32,59,37,84,59,81,53,66,74,52,70,57,93,81,61,30,67,58,47.5,27,36,27,38,35.5,53.5,20,32,33,37,38.5,84,59,81,61,66,74,57.5,70,39,28,93,81,88.5,43.5,58,40,67,47.5
GLLSAQRVGPQSSDT,87,86,73,79,61,71,86,16,51,32,52,40,62,57,23,37,92,31,77,36,52,43,68,71,80,90,56,2.5,58,59,34,52,53,70,54,47,42,48,58,82,69,82,88,78,78,37,47,57,79,30,50,67,47,65,69,26,76,53,38,78,75,97,20,75,58,78,86,77.5,83.5,61,74.5,82,26.5,49,44.5,65.5,35,59,57,47,53,70,31,76.5,47,45,43,68,71,69,93.5,56,11.25,75,61
NERAYIPPGLMFNPK,21,25,21,14,1.6,31,66,70,48,61,71,68,59,88,61,63,53,56,50,56,86,80,82,70,61,62,35,69,63,81,73,74,43,63,54,42,65,60,30,67,58,42,32,42,44,56,71,57,39,49,46,94,84,76,56,70,53,78,13,79,52,57,79,45,58.5,39.5,25,31.5,23,1.6,36.5,55,63,59.5,59,55,58.5,59,88,74,63,56,56,51.5,56,49.5,80,79,60,45.5,59.5,35,74,63,56
NSDHQVLRTGESTEF,90,78,70,81,45,73,80,40,38,49,35,51,65,78,35,35,52,42,47,37,67,59,75,70,71,47,75,59,58,29,13,53,45,20,84,82,64,24,32,47,81,72,72,80,89,73,56,46,41,63,60,60,35,51,33,52,16,59,69,57,78,23,78,73,58.5,85.5,78,71,76.5,45,76.5,84.5,56.5,47,47.5,38,57,60,60,35,45,33,52,31.5,59,68,59,64,70,51.5,35,75,68.5,58,59
DNGEPVNNADRAAQL,80,76,76,59,63,73,41,39,33,38,34,39,71,13,31,54,64,8.4,65,6.7,52,49,21,56,73,24,28,25,50,75,36,70,60,86,11,13,36,62,70,62,82,96,96,84,66,7.3,43,35,76,33,86,29,76,88,72,38,64,60,87,34,88,12,68,78,59.5,81,76,86,77.5,63,78.5,53.5,23.15,38,36.5,55,36,75,29,70,60,72,11,64.5,13,69.5,49,34,62,71.5,18,28,46.5,62,60
NADSYLNIYCTGQVS,84,89,93,92,97,91,36,76,77,65,86,89,63,83,35,31,67,63,72,54,60,67,73,8.6,17,72,71,91,62,15,28,7.1,1.7,34,2.7,15,32,2.3,4.1,4.6,67,83,79,73,27,20,54,59,75,60,48,92,43,40,28,45,8.5,55,59,33,12,41,62,63,59.5,75.5,89,88,85.5,97,82,31.5,48,65.5,62,80.5,74.5,48,83,35,31,34,45,40.25,54,59.5,67,33,8.6,10.55,56.5,71,76.5,62,62
FNFNQYSCHFSPQDW,60,54,61,69,84,69,43,67,54,5.2,66,65,55,94,32,9.8,31,54,27,62,90,91,71,21,7.1,60,32,86,48,30,85,30,28,65,3.8,29,11,25,6.5,22,36,65,52,80,12,82,73,83,72,92,64,97,54,45,68,85,41,68,61,91,56,58,79,68,60,48,54,63,60.5,84,74.5,27.5,74.5,63.5,44.1,69,78.5,55,94,32,28,65,54,34,62,75.5,91,71,25,6.8,59,32,82.5,48,60.5
NELADLDGNAAGGNA,79,73,88,80,59,73,32,42,42,56,38,26,3.8,30,13,26,57,51,55,55,39,25,46,22,31,29,11,31,41,51,88,80,78,89,86,82,88,67,73,77,97,97,95,97,60,69,38,65,76,9,28,74,37,94,93,53,62,82,68,34,69,68,74,84,61,88,73,92.5,87.5,59,85,46,55.5,40,60.5,57,17.5,28,74,37,78,89,53,58.5,82,53.5,25,46,67,52,48.5,11,52.5,77,57
YNNDLTAGVHIFCDG,78,74,93,85,82,74,79,31,18,49,44,26,64,64,80,78,50,70,49,73,80,83,79,77,77,57,58,73,80,58,9.6,1.7,22,48,29,45,37,56,42,79,71,86,74,79,68,7.3,18,14,67,32,60,59,17,32,15,76,24,71,41,24,73,3,94,78,62,74.5,74,89.5,79.5,82,76.5,73.5,19.15,18,31.5,55.5,29,60,59,17,32,48,70,36.5,71,60.5,83,37,73,59.5,30,58,83.5,79,60
AASTGRIQPYSKPTS,65,73,73,62,50,74,57,61,72,47,66,40,82,31,62,59,85,27,77,21,36,35,16,14,26,82,63,45,51,72,11,88,82,88,1.6,13,8.8,9.9,15,78,85,87,89,93,67,72,69,75,89,38,73,87,31,77,81,17,52,42,49,80,26,91,57,28,62,75,73,80,75.5,50,83.5,62,66.5,70.5,61,77.5,39,73,31,62,77,85,17,64.5,21,42.5,35,16,14,20.5,86.5,63,51,51,62
RIQPYSKPTSWMTGP,60,83,86,84,65,84,83,80,87,43,69,56,29,66,49,59,31,50,31,46,73,71,32,30,37,58,43,79,56,72,11,88,72,59,1.6,13,8.8,9.9,15,78,69,76,80,79,93,75,96,69,95,68,54,93,40,70,17,56,51,57,44,91,43,76,87,58,62.5,64.5,83,81,82,65,81.5,88,77.5,91.5,56,82,62,54,66,49,70,31,50,41,46,58.5,71,32,30,26,67,43,83,58,64.5
VWDRFPITRENPIWC,85,81,87,94,83,90,78,94,72,84,73,84,83,86,79,54,27,86,45,87,91,94,84,77,64,65,81,88,75,27,66,24,18,11,61,53,63,48,44,40,26,36,46,36,29,90,61,60,38,92,82,58,67,24,12,49,75,61,62,30,61,42,20,62,63.5,55.5,81,61.5,70,83,63,53.5,92,66.5,72,55.5,88,82,66,67,24,12,61,60,61,76.5,94,63,61,54,53.5,81,54,62,63
YKGNQTTYNLVGDIW,40,60,52,81,80,78,5.5,7.6,36,26,54,63,91,90,66,59,57,71,80,75,82,86,53,78,66,80,58,85,95,39,65,8,4.3,64,64,50,42,85,64,70,30,64,58,68,45,39,63,74,50,72,62,78,60,44,45,64,66,62,75,34,81,40,70,78,64,35,60,58,69.5,80,73,25.25,23.3,49.5,50,52,67.5,62,78,60,44,57,64,73,62,78.5,86,42,81,65,60,58,77.5,78,62
MAKIPVPTASNADSY,81,77,69,61,4.6,83,71,59,16,57,25,27,74,87,41,18,26,54,46,55,82,84,79,78,78,70,50,70,66,50,30,37,40,71,48,21,73,64,71,79,92,88,88,83,92,53,44,45,29,21,50,64,35,56,79,3.2,70,64,49,59,77,75,71,91,64,86.5,77,78.5,74.5,4.6,83,81.5,56,30,51,27,24,50,64,37,40,71,48,58,55,65.5,84,73,77,74.5,72.5,50,70.5,79,65.5
TGQVSCEIVWEVERY,70,46,51,66,61,31,20,52,12,82,28,39,25,60,47,44,60,87,71,87,59,64,75,52,56,48,45,42,65,68,81,61,82,61,82,82,67,77,82,92,41,44,70,58,1.3,41,1.4,16,6.6,83,96,78,98,88,85,96,97,98,83,85,95,42,70,97,64.5,55.5,46,47.5,68,61,44.5,10.65,46.5,6.7,49,17.3,61,68,78,61,82,61,87,84,87,71,64,75,77,69,45,45,56,92,61
GSIAMDHPPGTIFIK,84,88,91,88,65,85,70,88,69,78,37,43,55,3.7,15,48,66,71,59,71,66,62,38,63,69,5.2,7.8,31,59,65,4,47,77,80,77,73,80,58,67,84,95,96,56,94,86,91,91,81,84,39,56,11,51,89,44,62,33,75,37,15,66,7.9,79,76,66,89.5,88,93.5,72,65,89.5,78,89.5,80,79.5,60.5,41,56,4,47,77,66,71,46,73,51.5,62,38,63,68,6.55,7.8,55,76,66
YIQPTSYDQCMPVKT,64,75,75,83,77,64,59,89,57,86,33,49,50,31,75,81,67,93,74,90,88,90,65,91,81,12,52,78,89,40,87,49,18,53,47,50,73,57,56,40,55,68,70,68,66,88,86,83,51,85,27,44,63,71,62,87,24,42,74,51,83,33,71,46,66.5,59.5,75,71.5,76.5,77,66,62.5,88.5,71.5,84.5,42,67,40,44,63,71,62,87,49,50,81,90,65,83,68.5,22.5,52,74.5,46,67
QRVGPQSSDTAPFMV,86,83,82,85,54,90,43,66,13,66,3.1,12,59,48,25,50,44,82,34,81,59,64,73,59,75,15,47,0.67,79,70,73,23,54,90,87,86,77,74,81,89,85,85,79,94,90,67,62,50,43,43,84,45,23,74,27,70,58,98,75,50,73,14,68,90,67.5,85.5,83,83.5,82,54,92,66.5,66.5,37.5,58,23.05,27.5,70,48,23,54,44,82,46,86,67,64,73,73,78,14.5,47,34.34,89,66.5
KADEKFIDDLKDDWS,75,44,30,42,48,64,3.9,26,4.8,43,25,65,80,11,35,11,64,59,69,53,77,80,59,70,58,7,59,35,73,95,62,81,91,93,84,91,90,95,93,95,59,59,59,79,4.3,97,50,66,9,100,97,4.5,90,69,98,93,93,75,84,96,94,3.8,69,91,67.5,67,44,44.5,50.5,48,71.5,4.1,61.5,27.4,54.5,17,82.5,95,11,81,69,93,84,81,75,80.5,80,90,94,75.5,5.4,59,52,91,69
VNNADRAAQLHDHAY,77,81,68,66,36,77,57,3.4,38,12,57,34,86,69,74,67,84,68,47,70,43,49,79,85,80,46,73,34,66,75,36,70,60,86,11,13,36,62,70,62,84,89,94,89,42,17,36,20,54,46,90,58,90,83,87,74,85,77,84,65,90,31,73,92,68,80.5,81,78.5,80,36,83,49.5,10.2,37,16,55.5,40,86,58,74,67,86,68,66,70,63.5,49,65,85,75,38.5,73,53.5,66,66
MFNPKVPTRRVQYIR,69,57,61,44,66,78,97,94,96,59,89,91,86,49,90,97,89,46,92,41,61,57,26,81,77,78,50,58,20,61,24,71,63,43,28,61,19,73,73,17,74,72,49,68,94,84,95,82,90,83,63,44,86,82,56,47,68,41,26,71,71,69,23,2.7,68,71.5,57,66.5,46.5,66,73,95.5,89,95.5,70.5,89.5,87,63,44,86,82,56,46,80,41,43.5,57,26,73,75,73.5,50,40.5,17,66.5
KGSGVGISTGGWVGG,91,86,92,96,61,87,87,56,61,85,57,38,29,60,69,75,10,80,8.5,85,53,42,48,39,50,45,45,88,67,36,30,72,83,18,68,66,80,27,36,47,83,97,97,95,94,51,90,82,94,7.6,82,85,88,97,58,83,16,88,91,21,51,64,92,87,68.5,87,86,94.5,96.5,61,91,90.5,53.5,75.5,83.5,75.5,22.8,36,60,72,83,18,80,12.25,85,72,42,48,39,43,54.5,45,90,67,72
DKHTIMDPFDGSIAM,62,48,52,59,84,51,28,69,39,82,54,77,47,41,56,51,57,77,56,80,75,72,76,19,30,34,69,25,69,66,93,92,77,85,86,87,90,32,41,89,77,88,83,79,23,92,67,73,60,71,81,52,83,71,79,57,64,91,53,53,59,29,74,92,69,69.5,48,70,71,84,65,25.5,80.5,53,77.5,57,74,66,52,83,71,79,77,60,87,64,72,76,32,35.5,31.5,69,49.5,89,69.5
GTHINTGAAGFGSGF,80,87,87,90,57,87,81,2.4,37,34,8.6,0.74,27,74,34,64,36,53,26,61,69,57,71,60,70,78,38,42,53,72,41,90,88,87,79,86,90,73,79,70,84,97,94,96,94,12,59,60,77,2.9,52,93,79,96,59,65,25,86,21,39,78,43,98,66,69.5,82,87,92,92,57,91.5,87.5,7.2,48,47,42.8,1.82,52,74,79,88,59,65,25.5,86,45,57,71,73,74.5,60.5,38,70,66,66
NPIWCKKPRADKHTI,24,31,69,38,34,58,88,70,96,6.5,94,81,61,54,51,61,66,12,63,22,63,56,19,59,70,88,23,39,40,91,87,91,81,93,3,36,26,93,83,62,97,98,87,97,94,99,98,96,97,86,95,70,99,98,92,46,96,39,67,91,89,97,91,33,70,60.5,31,83.5,62.5,34,77.5,91,84.5,97,51.25,95.5,83.5,91,70,91,81,92,12,79.5,36,65,56,26,89,76.5,92.5,23,65,40,76.5
TFNFDCEWVNNERAY,55,37,40,59,53,31,27,76,31,61,33,54,53,69,16,12,71,71,66,70,95,94,78,88,68,23,37,52,66,87,71,44,40,85,84,86,79,88,70,82,56,76,67,65,16,84,44,80,71,98,81,76,73,60,91,99,86,90,83,75,87,15,90,90,70.5,55.5,37,58,63,53,48,21.5,80,37.5,70.5,52,76,81,71,44,40,85,84,76,86,89,94,78,88,69,19,37,71,82,70.5
ESNYTPTYHVDPTGA,46,36,35,56,61,42,39,58,49,13,59,52,54,74,36,37,20,11,15,10,82,81,48,65,44,53,26,76,42,78,91,71,85,44,83,76,78,92,83,80,71,85,94,83,55,80,78,79,49,73,77,97,85,82,32,79,72,71,91,89,75,76,93,93,71.5,58.5,36,60,75,61,62.5,47,69,63.5,46,54,62.5,77,91,71,82,32,79,43.5,71,86.5,81,78,75,63.5,64.5,26,84.5,80,64.5
KKPRADKHTIMDPFD,47,45,29,23,8.9,49,22,61,24,55,25,45,81,12,69,63,77,43,65,48,68,67,47,87,86,7.6,32,45,75,100,100,100,100,100,100,100,100,100,100,100,96,90,87,93,43,82,61,57,56,90,99,48,87,44,88,89,97,91,76,95,94,9.1,67,99,72,71.5,45,59.5,55,8.9,71,32.5,71.5,42.5,56,40.5,67.5,99,48,87,63,88,89,81,91,72,67,95,94,93,8.35,32,56,99,67.5
PFNPLDNGEPVNNAD,82,83,91,87,60,90,71,43,63,43,27,6.4,48,86,37,39,78,68,55,71,94,93,88,91,78,67,42,57,66,46,78,34,26,80,46,41,73,71,42,54,90,97,94,91,65,41,60,76,76,42,91,86,65,81,96,86,73,96,81,21,97,25,82,91,72,86,83,94,90.5,60,90.5,68,42,61.5,59.5,51.5,24.2,48,86,37,39,80,68,64,71,87.5,93,73,91,60,46,42,69.5,66,68
RPERRHTALGMSLGG,41,46,42,20,0.88,49,73,36,77,37,69,56,51,85,82,81,38,56,58,57,88,83,70,74,67,86,70,67,59,100,100,100,100,100,100,100,100,100,100,100,88,82,79,71,90,16,78,69,76,29,47,95,71,56,36,76,50,68,79,50,74,83,52,73,72,64.5,46,62,49.5,0.88,60,81.5,26,77.5,53,72.5,42.5,51,95,82,81,38,76,54,68,83.5,83,70,74,83.5,84.5,70,59.5,73,70
VLRTGESTEFTFNFD,45,37,46,72,30,58,59,90,34,86,16,38,93,92,84,81,80,94,77,95,84,88,97,95,94,67,95,95,95,29,13,53,45,20,84,82,64,24,32,47,40,57,13,84,55,79,35,66,50,73,87,83,56,72,54,86,40,98,89,84,94,40,99,89,72.5,42.5,37,51.5,42.5,30,71,57,84.5,34.5,76,33,55.5,87,83,56,72,54,86,58.5,95,86.5,88,84,94,63,53.5,95,97,89,71
HTALGMSLGGESNYT,97,97,93,95,73,92,94,62,64,91,77,47,55,85,57,74,50,69,32,80,88,83,81,85,85,93,62,81,75,50,18,52,75,51,47,44,71,40,50,33,90,90,91,91,66,48,44,66,55,14,53,62,67,73,74,84,15,78,70,85,56,94,76,79,73,93.5,97,91.5,93,73,91.5,80,55,54,78.5,66,30.5,53,62,57,74,51,69,23.5,78,79,83,81,56,67.5,93.5,62,78.5,75,74
QILSNGADTTYNNDL,75,89,90,92,81,90,65,19,44,74,39,16,78,47,57,75,74,91,79,92,73,67,42,80,90,53,13,38,82,58,71,52,77,87,84,88,82,72,78,88,72,89,91,82,62,39,65,68,55,37,66,51,45,59,51,74,81,96,47,35,89,68,86,93,73.5,73.5,89,89.5,91.5,81,86,63.5,29,54.5,71,47,26.5,66,51,52,75,74,84,80,92,60,67,42,80,84,60.5,13,62,88,71
GWVGGSHFSDKYVVT,62,31,55,75,81,76,33,83,78,68,80,70,96,64,93,86,72,79,60,75,77,80,69,79,75,52,82,92,87,62,46,63,56,53,60,66,42,68,39,57,24,55,55,66,30,90,85,81,84,38,88,76,82,86,74,95,75,63,87,85,51,46,95,88,74.5,43,31,55,65,81,71,31.5,86.5,81.5,74.5,82,54,88,64,82,86,72,79,67.5,66,82,80,69,68,57,49,82,93.5,87,72
YSCHFSPQDWQRLTN,3.9,3.3,12,46,87,6.8,77,98,91,81,81,98,63,86,80,72,70,77,64,75,77,76,80,81,53,60,79,61,67,51,88,55,53,41,90,81,58,87,68,63,19,54,78,22,27,96,86,65,66,98,72,80,79,75,78,96,72,92,89,88,86,33,34,58,75,11.45,3.3,33,62,87,14.4,52,97,88.5,73,73.5,98,63,86,79,72,70,90,68,81,83,76,80,86,60.5,46.5,79,47.5,63,73
VPTASNADSYLNIYC,59,54,75,83,94,86,71,62,50,95,44,39,90,79,85,89,86,96,85,98,88,91,89,89,92,56,80,97,95,73,75,37,40,90,61,64,75,75,81,83,20,77,59,43,15,42,54,52,41,38,87,75,71,62,75,34,90,94,84,43,71,32,89,92,75,39.5,54,76,71,94,64.5,43,52,52,73.5,42.5,38.5,87,75,71,62,86,61,87.5,94,86,91,75,75,86.5,44,80,93,92,75
VAPALGNKERAQKRH,67,77,86,57,69,82,85,25,89,23,89,73,91,37,63,85,92,39,83,25,76,69,8.1,75,84,60,48,59,49,72,62,87,51,73,3,36,26,78,83,62,92,89,75,95,76,93,72,82,94,43,87,44,91,90,94,43,91,71,86,88,90,97,42,30,75,79.5,77,87.5,66,69,88.5,80.5,59,80.5,52.5,91.5,58,87,44,87,85,92,39,87,36,81,69,26,78,83.5,78.5,48,50.5,49,78
LQWYQTPEGTGNNGN,83,61,86,81,70,85,94,81,78,68,71,57,51,88,44,46,48,43,28,49,96,88,89,85,67,59,39,88,57,61,35,65,32,73,20,53,32,16,23,54,84,87,93,93,89,96,94,96,82,53,70,97,58,80,83,93,61,78,78,95,87,96,90,69,75.5,83.5,61,86.5,87,70,89,91.5,88.5,86,82,76.5,55,61,88,58,46,73,43,44.5,53,87,88,89,85,45,77.5,39,89,57,77.5
MSLGGESNYTPTYHV,93,95,87,93,86,93,51,67,76,80,74,52,96,61,75,81,27,94,59,96,70,76,82,84,84,50,62,95,91,66,73,45,67,83,90,91,89,67,74,87,71,78,89,78,63,67,85,86,81,32,77,94,24,74,14,65,80,69,75,66,40,50,96,79,76.5,82,95,82.5,91,86,85.5,57,67,80.5,83,77.5,42,77,73,45,74,27,90,69.5,91,72.5,76,82,67,79,50,62,95.5,87,77.5
GTSKMSDTDIQDQQP,54,41,32,42,41,48,14,4.2,7.7,39,17,36,91,37,32,28,72,59,76,62,80,75,78,80,79,25,51,17,82,94,92,69,81,85,87,84,93,95,95,85,87,85,94,84,37,36,14,17,37,97,97,57,93,85,88,93,99,98,91,96,99,63,48,99,77,70.5,41,58.5,68,41,66,25.5,20.1,10.85,28,27,66.5,94,57,69,81,85,87,87.5,84,85.5,75,93,95,87,44,51,32.5,85,68
EHAYPNASHPWDEDV,77,70,77,87,69,82,73,48,9.6,46,20,9.4,86,68,55,36,53,71,37,72,79,74,56,77,69,46,32,79,84,85,86,89,69,89,82,70,77,94,89,90,89,95,97,97,17,84,53,40,63,54,96,96,82,84,87,90,91,92,88,61,88,50,99,97,77,83,70,86,92,69,89.5,45,66,31.3,43,41.5,31.7,86,86,82,69,87,82,64,72,83.5,74,61,88,79,48,32,89,90,74
CLAPTNLEYKLQWYQ,55,86,83,73,99,89,64,93,99,86,96,99,98,73,98,98,98,44,95,65,62,79,70,64,77,98,97,89,88,92,85,65,81,76,18,54,45,89,91,49,26,18,17,23,7.9,62,65,61,65,97,94,76,97,83,96,83,99,56,20,90,48,69,57,55,78,40.5,86,50.5,45,99,56,35.95,77.5,82,73.5,80.5,98,94,76,97,83,96,44,97,56,41,79,70,64,84,83.5,97,73,55,77.5
ESTEFTFNFDCEWVN,85,80,65,82,91,88,31,92,31,93,41,79,97,71,69,47,72,97,83,95,95,99,79,93,78,19,51,99,77,77,71,52,66,86,77,79,79,88,70,82,31,40,40,76,1.8,95,9.3,35,11,99,98,58,68,63,85,99,89,85,59,87,79,3.8,99,81,79,58,80,52.5,61,91,82,16.4,93.5,20.15,64,26,89,97,71,68,63,85,97,86,85,77,99,79,88,74,11.4,51,99,81,79
SYDQCMPVKTNINKV,94,94,95,90,82,86,96,44,83,67,92,81,51,94,66,57,54,73,80,74,83,85,85,80,85,93,77,87,84,40,88,71,74,68,43,67,79,76,81,58,91,86,62,63,93,83,90,91,95,80,43,88,61,66,50,31,52,57,77,9.3,60,91,51,69,79.5,92.5,94,90.5,76,82,74.5,94.5,63.5,86.5,79,93.5,80.5,43,88,66,66,54,43,66,67,80,85,79,76,83,92,77,69,69,79
FIDDLKDDWSIGGII,94,94,94,93,97,92,50,88,79,84,63,72,85,11,13,38,78,85,85,70,71,82,56,55,60,13,45,41,80,87,23,41,63,75,84,85,90,62,70,82,84,87,95,85,13,97,92,90,46,62,90,15,41,87,48,93,55,80,90,45,71,9.6,86,91,79.5,89,94,90.5,94,97,88.5,31.5,92.5,85.5,87,54.5,67,87,15,41,63,75,85,70,80,80.5,82,56,62,65,11.3,45,63.5,82,80
TGAAGFGSGFDPPSG,87,74,94,97,90,91,58,69,27,53,37,15,79,94,19,32,73,78,55,86,99,97,94,90,55,55,45,87,86,73,80,76,85,93,83,81,89,82,60,88,32,56,90,86,13,91,66,70,45,8.5,73,91,12,23,96,85,39,91,91,99,80,84,99,90,80.5,59.5,74,75,93.5,90,88.5,35.5,80,46.5,61.5,41,11.75,73,91,19,32,93,83,47,86,95,97,94,82,57.5,69.5,45,93,88,75
LNIYCTGQVSCEIVW,100,99,99,100,99,97,99,96,67,96,88,81,95,99,95,80,95,98,95,98,99,99,99,98,99,95,94,100,99,56,28,52,29,37,2.7,34,32,2.3,4.1,52,57,55,85,68,73,60,43,33,46,45,72,91,81,67,49,74,29,81,76,61,34,68,74,91,80.5,78.5,99,77,92.5,99,82.5,86,78,55,64.5,67,63,72,91,81,67,49,74,62,81,87.5,99,61,34,51.55,81.5,94,87,91,78.5
GISTGGWVGGSHFSD,93,88,94,91,81,93,79,65,64,41,73,24,96,87,88,68,81,78,36,76,95,95,91,92,87,67,72,98,87,62,46,87,56,53,60,66,42,68,39,64,76,82,95,96,63,39,73,85,87,4.5,81,97,92,80,70,97,90,86,91,99,86,85,97,94,81.5,84.5,88,88,93,81,94.5,71,52,68.5,63,80,14.25,81,87,88,68,70,78,63,76,93,95,91,86,63,76,72,97.5,87,81
QNGSTAASTGRIQPY,94,92,89,90,49,90,84,4.7,34,26,25,7.3,68,78,60,65,38,72,22,75,87,80,84,86,83,72,76,89,77,100,100,100,100,100,100,100,100,100,100,100,83,88,92,91,47,11,38,39,83,6.9,86,86,84,85,49,85,45,70,79,49,92,87,58,51,83,88.5,92,88.5,91,49,90.5,65.5,7.85,36,32.5,54,7.1,86,86,84,85,49,85,33.5,75,83,80,84,92,91.5,79.5,76,73.5,77,80
IFCDGEHAYPNASHP,95,96,97,93,86,94,60,44,75,54,69,21,73,83,79,69,89,92,87,94,98,96,95,64,52,82,94,96,90,92,55,78,91,89,87,91,88,84,88,78,89,91,93,94,60,65,74,56,73,16,88,49,62,61,89,59,67,90,82,72,75,26,97,77,83.5,92,96,94,93,86,94,60,54.5,74.5,55,71,18.5,88,55,78,69,89,87,77,91,90,96,88,75,70,54,94,96.5,78,86
DPPSGCLAPTNLEYK,93,96,90,87,80,92,92,85,55,76,47,26,58,92,58,43,84,90,88,94,94,91,96,97,95,84,82,91,91,93,85,65,92,76,90,80,90,92,93,49,31,24,13,9.7,74,56,57,31,41,31,72,72,79,63,75,84,85,86,25,86,84,95,81,76,84,62,96,57,50,80,50.85,83,70.5,56,53.5,44,28.5,72,85,65,63,76,90,86.5,86,59.5,91,90,92,94,89.5,82,86,76,76
TPEGTGNNGNIIANP,74,77,89,92,72,81,81,50,76,84,67,37,60,60,48,77,53,82,72,79,80,75,32,74,68,33,10,89,85,100,100,100,100,100,100,100,100,100,100,100,97,98,97,97,62,5.8,69,32,96,21,97,97,95,93,89,88,98,98,91,8.3,94,67,98,99,84.5,85.5,77,93.5,94.5,72,89,71.5,27.9,72.5,58,81.5,29,97,97,95,93,89,88,85,98,85.5,75,32,94,84,50,10,93.5,99,85.5
PITRENPIWCKKPRA,70,88,90,90,79,91,95,89,90,80,81,77,50,74,76,81,97,83,97,85,88,89,81,74,91,89,64,74,78,27,66,24,69,69,64,53,80,48,58,61,94,97,89,97,85,88,95,96,97,94,95,86,99,99,99,91,87,64,88,66,82,82,94,90,85.5,82,88,93.5,89.5,79,94,90,88.5,92.5,88,89,85.5,50,74,76,81,97,83,92,64,88,89,80,74,74.5,85.5,64,84,78,85.5
QRCVTTPWTYFNFNQ,56,74,74,85,82,77,72,94,85,91,80,80,93,95,91,90,93,94,94,95,84,93,96,70,72,96,95,96,95,89,84,87,47,82,87,88,89,84,87,83,19,65,9.1,71,68,87,89,78,85,99,94,92,84,87,55,54,96,92,71,95,78,46,98,91,87,37.5,74,69.5,47.05,82,74,70,90.5,87,84.5,82.5,89.5,93,92,87,87,82,87,95,92,77.5,93,95,78,79.5,71,95,97,91,87
GNKERAQKRHFYFAN,26,62,69,43,62,62,84,92,98,79,92,92,91,36,90,96,88,50,87,27,21,21,19,67,80,83,76,26,62,100,100,100,100,100,100,100,100,100,100,100,40,75,14,93,92,95,97,96,91,93,98,73,99,99,82,91,88,27,84,97,77,62,68,55,87.5,33,62,72,28.5,62,77.5,88,93.5,97.5,87.5,91.5,92.5,98,73,99,99,88,91,87.5,27,52.5,21,97,77,90,72.5,76,47,62,77.5
NASHPWDEDVMPDLP,84,64,79,81,88,79,16,82,18,75,14,37,86,49,65,64,92,94,85,96,96,96,96,93,92,7.3,54,73,95,93,88,90,94,86,95,94,95,94,89,95,72,81,95,75,6.9,97,25,43,7.8,97,99,47,91,87,96,99,95,98,91,85,99,5.6,87,99,87.5,78,64,80,88,88,77,11.45,89.5,21.5,59,10.9,67,93,49,90,87,92,95,90,96,93.5,96,95,94,90.5,6.45,54,80,95,88
CTNPEGTHINTGAAG,90,89,89,94,84,95,88,4.8,28,26,54,18,89,89,68,72,86,70,86,78,95,92,74,90,88,74,43,79,88,100,100,100,100,100,100,100,100,100,100,100,97,98,97,94,94,20,70,65,95,25,85,97,82,97,93,55,83,82,91,49,89,97,91,97,89,93.5,89,93.5,95.5,84,94.5,91,12.4,49,45.5,74.5,21.5,89,97,82,97,93,70,84.5,82,93,92,74,90,94,85.5,43,85,97,89
IETTNQSGKSQRCVT,94,97,97,95,79,98,85,8.6,68,16,41,5.5,79,59,89,97,76,93,77,89,97,98,81,91,93,98,86,91,89,92,88,78,90,84,88,86,92,93,94,49,95,87,95,91,94,60,92,94,97,51,91,47,89,96,79,86,91,79,86,77,91,97,90,66,89,94.5,97,92,95,79,94.5,89.5,34.3,80,55,69,28.25,91,59,89,96,79,88,84,86,91.5,98,81,91,93.5,97.5,86,90.5,66,89
QDQQPDTVDAPQNTS,91,91,87,78,51,90,64,62,3.2,42,4,8.5,77,49,56,62,90,90,88,91,89,89,82,91,88,22,51,57,85,100,100,100,100,100,100,100,100,100,100,100,97,94,97,97,77,89,56,50,67,57,98,70,88,96,97,86,98,95,91,82,99,29,85,99,89,94,91,90.5,87.5,51,93.5,70.5,75.5,29.6,46,35.5,32.75,98,70,88,96,97,90,93,95,90,89,82,99,94,25.5,51,71,99,89
FGSGFDPPSGCLAPT,95,96,99,98,93,99,98,99,99,96,90,71,40,97,78,93,80,96,67,90,100,99,98,99,90,78,52,98,86,73,80,76,85,91,79,81,89,82,60,88,72,87,94,79,53,95,84,78,80,26,65,96,40,52,92,94,49,92,61,98,98,69,99,96,89.5,83.5,96,93,96,93,89,75.5,97,91.5,87,85,48.5,65,96,76,85,91,94,58,90,80.5,99,98,98,75,73.5,52,98.5,88,89
LDGNAAGGNATEKAL,97,95,97,92,88,97,93,29,43,62,62,13,89,93,69,87,85,88,75,91,98,98,91,98,97,85,57,93,83,87,88,89,88,93,88,89,94,93,94,90,97,95,97,97,86,46,39,31,80,1.8,66,97,87,97,92,93,79,96,91,66,94,96,97,83,89.5,97,95,96,94.5,88,97,89.5,37.5,41,46.5,71,7.4,87,93,87,88,92,88,77,91,94.5,98,91,94,95.5,90.5,57,95,83,90.5
KKTKKSEPKPGTSKM,79,80,84,72,45,83,97,34,95,67,83,43,85,69,77,90,80,72,71,50,92,80,69,92,96,83,71,71,67,100,100,100,100,100,100,100,100,100,100,100,97,98,95,97,94,97,96,96,97,50,97,86,92,94,73,76,79,61,91,49,91,93,91,50,90.5,88,80,91,83.5,45,90,95.5,65.5,95.5,81.5,90,46.5,97,86,92,94,80,76,75,61,91.5,80,69,92,98,88,71,81,67,83.5
SIGGGKGSGVGISTG,99,99,98,99,88,99,99,15,75,73,66,9.6,67,98,96,98,91,86,82,93,99,98,98,96,97,99,93,91,97,44,61,91,91,66,89,92,91,40,50,87,97,98,97,97,94,26,91,79,97,0.85,68,97,88,93,70,90,42,96,91,59,86,97,84,96,91,98,99,98,98,88,98,96.5,20.5,83,76,81.5,5.22,67,97,91,93,70,89,62,93,95,98,91,86,73.5,98,93,87.5,96,91
GGGTGSIGGGKGSGV,98,95,98,97,96,98,98,77,88,86,53,7.2,62,96,92,94,85,95,60,94,97,95,96,92,96,90,89,94,86,44,61,91,91,66,89,92,91,40,50,87,97,98,97,97,94,85,98,96,97,0.58,43,97,79,92,48,93,17,84,91,60,66,97,96,67,91.5,97.5,95,98,97,96,97.5,96,81,93,91,75,3.89,44,96,91,92,66,93,38.5,92,94,95,91,66,73,93.5,89,95,86,92
DTVDAPQNTSGGGTG,99,99,99,98,96,99,94,71,74,78,88,65,94,91,64,83,91,86,92,82,99,97,95,95,89,93,87,64,86,93,93,88,72,93,95,95,95,89,91,94,97,97,97,97,94,91,90,90,97,33,89,91,88,97,84,67,92,93,91,78,98,92,96,99,92,98,99,98,97.5,96,98,94,81,82,84,92.5,49,93,91,88,83,91,86,92,93,95,97,95,95,90,92.5,87,80,94,92.5
QSSDTAPFMVCTNPE,65,78,81,85,96,86,71,51,45,45,75,68,96,99,92,83,97,86,94,95,97,99,98,92,92,99,97,99,98,100,100,100,100,100,100,100,100,100,100,100,74,87,84,88,79,18,32,34,63,68,98,84,65,38,51,98,95,98,91,90,95,39,94,99,92,69.5,78,84,84.5,96,87,75,34.5,38.5,39.5,69,68,98,99,92,83,97,98,94.5,98,94,99,98,95,96,69,97,96.5,99,94
SNKGAKKTKKSEPKP,58,70,74,39,42,74,96,84,98,59,97,92,98,65,88,91,94,48,94,41,88,87,45,92,93,95,70,63,44,100,100,100,100,100,100,100,100,100,100,100,97,91,72,97,94,88,96,96,97,50,99,97,93,93,93,89,94,56,91,97,85,97,93,24,93,77.5,70,82.5,55.5,42,85.5,95,86,97,77.5,97,71,99,97,93,93,94,89,94,56,89.5,87,97,92,96.5,96,70,78,44,89
SEPKPGTSKMSDTDI,89,91,88,95,89,98,95,60,50,47,50,8.5,96,95,93,93,94,89,87,92,98,93,97,98,99,90,92,84,96,100,100,100,100,100,100,100,100,100,100,100,97,95,97,97,94,87,88,78,83,30,91,97,76,78,67,87,60,90,89,91,93,97,50,96,93,93,91,91.5,96,89,97.5,94.5,73.5,69,62.5,66.5,19.25,96,97,93,93,94,89,73.5,92,93.5,93,97,98,99.5,93.5,92,67,96,93
QSGKSQRCVTTPWTY,100,99,97,95,64,99,94,76,75,93,75,71,92,97,76,73,94,88,93,91,95,94,93,97,95,96,94,91,97,100,100,100,100,100,100,100,100,100,100,100,93,96,94,97,94,72,94,96,94,80,95,91,72,81,60,73,97,86,91,91,80,93,84,94,94,96.5,99,96.5,94.5,64,98,94,74,84.5,94.5,84.5,75.5,95,97,76,81,94,88,95,91,93,94,93,97,97.5,94.5,94,87.5,97,94
PQNTSGGGTGSIGGG,99,99,100,99,96,99,99,51,76,74,52,5.4,98,100,98,96,94,98,82,98,100,99,100,99,97,99,98,97,98,100,100,100,100,100,100,100,100,100,100,100,97,98,97,97,94,69,96,96,97,1.2,95,97,99,99,90,99,92,98,91,89,98,97,99,99,98,98,99,99,98,96,98,96.5,60,86,85,74.5,3.3,98,100,99,99,94,99,87,98,95.5,99,100,99,98.5,98,98,98,99,98
