Position,Residue,Score,Assignment
0,M,0.287,.
1,P,0.358,.
2,P,0.425,.
3,I,0.488,.
4,K,0.546,E
5,R,0.539,E
6,Q,0.536,E
7,P,0.523,E
8,R,0.512,E
9,G,0.512,E
10,W,0.492,.
11,V,0.478,.
12,L,0.475,.
13,P,0.464,.
14,G,0.469,.
15,Y,0.460,.
16,R,0.461,.
17,Y,0.465,.
18,L,0.469,.
19,G,0.475,.
20,P,0.476,.
21,F,0.481,.
22,N,0.507,E
23,P,0.516,E
24,L,0.552,E
25,D,0.574,E
26,N,0.582,E
27,G,0.578,E
28,E,0.588,E
29,P,0.593,E
30,V,0.584,E
31,N,0.574,E
32,N,0.569,E
33,A,0.530,E
34,D,0.522,E
35,R,0.524,E
36,A,0.520,E
37,A,0.505,E
38,Q,0.505,E
39,L,0.517,E
40,H,0.512,E
41,D,0.518,E
42,H,0.537,E
43,A,0.531,E
44,Y,0.516,E
45,S,0.520,E
46,E,0.533,E
47,L,0.530,E
48,I,0.530,E
49,K,0.531,E
50,S,0.523,E
51,G,0.525,E
52,K,0.532,E
53,N,0.540,E
54,P,0.536,E
55,Y,0.530,E
56,L,0.534,E
57,Y,0.510,E
58,F,0.502,E
59,N,0.513,E
60,K,0.521,E
61,A,0.507,E
62,D,0.508,E
63,E,0.518,E
64,K,0.517,E
65,F,0.503,E
66,I,0.524,E
67,D,0.532,E
68,D,0.528,E
69,L,0.523,E
70,K,0.533,E
71,D,0.519,E
72,D,0.484,.
73,W,0.460,.
74,S,0.450,.
75,I,0.407,.
76,G,0.372,.
77,G,0.344,.
78,I,0.320,.
79,I,0.298,.
80,G,0.298,.
81,S,0.317,.
82,S,0.311,.
83,F,0.329,.
84,F,0.368,.
85,K,0.400,.
86,I,0.405,.
87,K,0.425,.
88,R,0.457,.
89,A,0.474,.
90,V,0.472,.
91,A,0.508,E
92,P,0.521,E
93,A,0.534,E
94,L,0.556,E
95,G,0.593,E
96,N,0.608,E
97,K,0.617,E
98,E,0.629,E
99,R,0.653,E
100,A,0.661,E
101,Q,0.663,E
102,K,0.655,E
103,R,0.642,E
104,H,0.636,E
105,F,0.631,E
106,Y,0.624,E
107,F,0.630,E
108,A,0.633,E
109,N,0.633,E
110,S,0.634,E
111,N,0.639,E
112,K,0.645,E
113,G,0.645,E
114,A,0.651,E
115,K,0.655,E
116,K,0.648,E
117,T,0.646,E
118,K,0.650,E
119,K,0.663,E
120,S,0.662,E
121,E,0.665,E
122,P,0.672,E
123,K,0.677,E
124,P,0.688,E
125,G,0.688,E
126,T,0.688,E
127,S,0.680,E
128,K,0.665,E
129,M,0.671,E
130,S,0.671,E
131,D,0.678,E
132,T,0.672,E
133,D,0.664,E
134,I,0.672,E
135,Q,0.664,E
136,D,0.676,E
137,Q,0.670,E
138,Q,0.660,E
139,P,0.663,E
140,D,0.651,E
141,T,0.650,E
142,V,0.659,E
143,D,0.668,E
144,A,0.679,E
145,P,0.688,E
146,Q,0.708,E
147,N,0.719,E
148,T,0.716,E
149,S,0.717,E
150,G,0.709,E
151,G,0.691,E
152,G,0.669,E
153,T,0.655,E
154,G,0.637,E
155,S,0.624,E
156,I,0.622,E
157,G,0.618,E
158,G,0.619,E
159,G,0.618,E
160,K,0.616,E
161,G,0.618,E
162,S,0.617,E
163,G,0.606,E
164,V,0.596,E
165,G,0.578,E
166,I,0.569,E
167,S,0.549,E
168,T,0.534,E
169,G,0.515,E
170,G,0.489,.
171,W,0.467,.
172,V,0.463,.
173,G,0.451,.
174,G,0.447,.
175,S,0.444,.
176,H,0.450,.
177,F,0.450,.
178,S,0.439,.
179,D,0.425,.
180,K,0.411,.
181,Y,0.403,.
182,V,0.403,.
183,V,0.396,.
184,T,0.391,.
185,K,0.381,.
186,N,0.361,.
187,T,0.352,.
188,R,0.356,.
189,Q,0.367,.
190,F,0.373,.
191,I,0.390,.
192,T,0.398,.
193,T,0.402,.
194,I,0.404,.
195,Q,0.431,.
196,N,0.456,.
197,G,0.472,.
198,H,0.485,.
199,L,0.493,.
200,Y,0.485,.
201,K,0.485,.
202,T,0.500,E
203,E,0.518,E
204,A,0.536,E
205,I,0.565,E
206,E,0.602,E
207,T,0.631,E
208,T,0.642,E
209,N,0.656,E
210,Q,0.660,E
211,S,0.639,E
212,G,0.615,E
213,K,0.568,E
214,S,0.514,E
215,Q,0.457,.
216,R,0.414,.
217,C,0.380,.
218,V,0.348,.
219,T,0.326,.
220,T,0.313,.
221,P,0.303,.
222,W,0.306,.
223,T,0.321,.
224,Y,0.340,.
225,F,0.343,.
226,N,0.350,.
227,F,0.358,.
228,N,0.363,.
229,Q,0.382,.
230,Y,0.391,.
231,S,0.405,.
232,C,0.414,.
233,H,0.430,.
234,F,0.447,.
235,S,0.447,.
236,P,0.460,.
237,Q,0.483,.
238,D,0.469,.
239,W,0.461,.
240,Q,0.469,.
241,R,0.481,.
242,L,0.473,.
243,T,0.485,.
244,N,0.504,E
245,E,0.498,.
246,Y,0.496,.
247,K,0.500,E
248,R,0.517,E
249,F,0.511,E
250,R,0.487,.
251,P,0.480,.
252,K,0.441,.
253,A,0.434,.
254,M,0.415,.
255,Q,0.398,.
256,V,0.409,.
257,K,0.395,.
258,I,0.410,.
259,Y,0.420,.
260,N,0.431,.
261,L,0.453,.
262,Q,0.432,.
263,I,0.451,.
264,K,0.459,.
265,Q,0.461,.
266,I,0.484,.
267,L,0.483,.
268,S,0.498,.
269,N,0.497,.
270,G,0.498,.
271,A,0.516,E
272,D,0.515,E
273,T,0.532,E
274,T,0.540,E
275,Y,0.534,E
276,N,0.523,E
277,N,0.500,E
278,D,0.472,.
279,L,0.438,.
280,T,0.416,.
281,A,0.394,.
282,G,0.363,.
283,V,0.323,.
284,H,0.314,.
285,I,0.319,.
286,F,0.346,.
287,C,0.368,.
288,D,0.402,.
289,G,0.411,.
290,E,0.425,.
291,H,0.423,.
292,A,0.428,.
293,Y,0.426,.
294,P,0.415,.
295,N,0.403,.
296,A,0.417,.
297,S,0.423,.
298,H,0.451,.
299,P,0.474,.
300,W,0.485,.
301,D,0.499,.
302,E,0.513,E
303,D,0.534,E
304,V,0.526,E
305,M,0.515,E
306,P,0.513,E
307,D,0.514,E
308,L,0.495,.
309,P,0.508,E
310,Y,0.527,E
311,K,0.520,E
312,T,0.506,E
313,W,0.514,E
314,K,0.498,.
315,L,0.480,.
316,F,0.448,.
317,Q,0.431,.
318,Y,0.402,.
319,G,0.377,.
320,Y,0.389,.
321,I,0.402,.
322,P,0.433,.
323,I,0.464,.
324,E,0.508,E
325,N,0.537,E
326,E,0.571,E
327,L,0.612,E
328,A,0.639,E
329,D,0.647,E
330,L,0.650,E
331,D,0.639,E
332,G,0.635,E
333,N,0.607,E
334,A,0.611,E
335,A,0.607,E
336,G,0.587,E
337,G,0.591,E
338,N,0.591,E
339,A,0.587,E
340,T,0.580,E
341,E,0.568,E
342,K,0.565,E
343,A,0.553,E
344,L,0.529,E
345,L,0.524,E
346,Y,0.485,.
347,Q,0.437,.
348,M,0.398,.
349,P,0.367,.
350,F,0.355,.
351,F,0.346,.
352,L,0.344,.
353,L,0.356,.
354,E,0.360,.
355,N,0.388,.
356,S,0.411,.
357,D,0.427,.
358,H,0.449,.
359,Q,0.455,.
360,V,0.466,.
361,L,0.475,.
362,R,0.485,.
363,T,0.486,.
364,G,0.486,.
365,E,0.494,.
366,S,0.500,E
367,T,0.487,.
368,E,0.491,.
369,F,0.474,.
370,T,0.473,.
371,F,0.481,.
372,N,0.489,.
373,F,0.492,.
374,D,0.498,.
375,C,0.510,E
376,E,0.531,E
377,W,0.537,E
378,V,0.555,E
379,N,0.545,E
380,N,0.527,E
381,E,0.497,.
382,R,0.483,.
383,A,0.471,.
384,Y,0.458,.
385,I,0.441,.
386,P,0.430,.
387,P,0.424,.
388,G,0.426,.
389,L,0.429,.
390,M,0.460,.
391,F,0.475,.
392,N,0.496,.
393,P,0.505,E
394,K,0.520,E
395,V,0.523,E
396,P,0.521,E
397,T,0.525,E
398,R,0.525,E
399,R,0.509,E
400,V,0.513,E
401,Q,0.510,E
402,Y,0.525,E
403,I,0.538,E
404,R,0.564,E
405,Q,0.592,E
406,N,0.608,E
407,G,0.617,E
408,S,0.628,E
409,T,0.614,E
410,A,0.599,E
411,A,0.584,E
412,S,0.561,E
413,T,0.547,E
414,G,0.528,E
415,R,0.523,E
416,I,0.539,E
417,Q,0.555,E
418,P,0.568,E
419,Y,0.580,E
420,S,0.577,E
421,K,0.577,E
422,P,0.555,E
423,T,0.544,E
424,S,0.515,E
425,W,0.486,.
426,M,0.466,.
427,T,0.455,.
428,G,0.453,.
429,P,0.458,.
430,G,0.459,.
431,L,0.489,.
432,L,0.518,E
433,S,0.546,E
434,A,0.573,E
435,Q,0.597,E
436,R,0.627,E
437,V,0.642,E
438,G,0.656,E
439,P,0.691,E
440,Q,0.696,E
441,S,0.692,E
442,S,0.681,E
443,D,0.666,E
444,T,0.642,E
445,A,0.601,E
446,P,0.574,E
447,F,0.550,E
448,M,0.527,E
449,V,0.512,E
450,C,0.509,E
451,T,0.510,E
452,N,0.517,E
453,P,0.529,E
454,E,0.547,E
455,G,0.565,E
456,T,0.578,E
457,H,0.579,E
458,I,0.574,E
459,N,0.570,E
460,T,0.575,E
461,G,0.565,E
462,A,0.559,E
463,A,0.553,E
464,G,0.551,E
465,F,0.556,E
466,G,0.566,E
467,S,0.575,E
468,G,0.574,E
469,F,0.573,E
470,D,0.580,E
471,P,0.574,E
472,P,0.592,E
473,S,0.588,E
474,G,0.582,E
475,C,0.574,E
476,L,0.573,E
477,A,0.585,E
478,P,0.592,E
479,T,0.601,E
480,N,0.608,E
481,L,0.592,E
482,E,0.595,E
483,Y,0.590,E
484,K,0.586,E
485,L,0.579,E
486,Q,0.558,E
487,W,0.555,E
488,Y,0.560,E
489,Q,0.565,E
490,T,0.587,E
491,P,0.604,E
492,E,0.619,E
493,G,0.632,E
494,T,0.643,E
495,G,0.663,E
496,N,0.665,E
497,N,0.656,E
498,G,0.655,E
499,N,0.651,E
500,I,0.642,E
501,I,0.636,E
502,A,0.630,E
503,N,0.615,E
504,P,0.596,E
505,S,0.572,E
506,L,0.554,E
507,S,0.547,E
508,M,0.537,E
509,L,0.536,E
510,R,0.549,E
511,D,0.553,E
512,Q,0.577,E
513,L,0.594,E
514,L,0.619,E
515,Y,0.641,E
516,K,0.656,E
517,G,0.655,E
518,N,0.652,E
519,Q,0.652,E
520,T,0.657,E
521,T,0.642,E
522,Y,0.632,E
523,N,0.626,E
524,L,0.599,E
525,V,0.581,E
526,G,0.566,E
527,D,0.546,E
528,I,0.509,E
529,W,0.487,.
530,M,0.478,.
531,F,0.465,.
532,P,0.457,.
533,N,0.476,.
534,Q,0.490,.
535,V,0.499,.
536,W,0.517,E
537,D,0.520,E
538,R,0.516,E
539,F,0.523,E
540,P,0.539,E
541,I,0.532,E
542,T,0.522,E
543,R,0.498,.
544,E,0.495,.
545,N,0.475,.
546,P,0.493,.
547,I,0.498,.
548,W,0.501,E
549,C,0.502,E
550,K,0.507,E
551,K,0.520,E
552,P,0.541,E
553,R,0.550,E
554,A,0.565,E
555,D,0.547,E
556,K,0.549,E
557,H,0.552,E
558,T,0.541,E
559,I,0.537,E
560,M,0.523,E
561,D,0.506,E
562,P,0.503,E
563,F,0.489,.
564,D,0.482,.
565,G,0.471,.
566,S,0.470,.
567,I,0.471,.
568,A,0.469,.
569,M,0.453,.
570,D,0.438,.
571,H,0.418,.
572,P,0.406,.
573,P,0.395,.
574,G,0.373,.
575,T,0.348,.
576,I,0.328,.
577,F,0.330,.
578,I,0.352,.
579,K,0.375,.
580,M,0.405,.
581,A,0.427,.
582,K,0.467,.
583,I,0.517,E
584,P,0.540,E
585,V,0.567,E
586,P,0.585,E
587,T,0.580,E
588,A,0.582,E
589,S,0.567,E
590,N,0.553,E
591,A,0.514,E
592,D,0.472,.
593,S,0.432,.
594,Y,0.404,.
595,L,0.366,.
596,N,0.349,.
597,I,0.312,.
598,Y,0.302,.
599,C,0.296,.
600,T,0.312,.
601,G,0.307,.
602,Q,0.320,.
603,V,0.312,.
604,S,0.326,.
605,C,0.323,.
606,E,0.337,.
607,I,0.326,.
608,V,0.351,.
609,W,0.360,.
610,E,0.402,.
611,V,0.433,.
612,E,0.468,.
613,R,0.502,E
614,Y,0.524,E
615,A,0.544,E
616,T,0.575,E
617,K,0.574,E
618,N,0.571,E
619,W,0.564,E
620,R,0.550,E
621,P,0.532,E
622,E,0.504,E
623,R,0.497,.
624,R,0.507,E
625,H,0.513,E
626,T,0.528,E
627,A,0.541,E
628,L,0.548,E
629,G,0.567,E
630,M,0.588,E
631,S,0.615,E
632,L,0.629,E
633,G,0.632,E
634,G,0.616,E
635,E,0.592,E
636,S,0.582,E
637,N,0.572,E
638,Y,0.555,E
639,T,0.537,E
640,P,0.516,E
641,T,0.516,E
642,Y,0.509,E
643,H,0.513,E
644,V,0.524,E
645,D,0.523,E
646,P,0.527,E
647,T,0.540,E
648,G,0.559,E
649,A,0.563,E
650,Y,0.568,E
651,I,0.565,E
652,Q,0.561,E
653,P,0.568,E
654,T,0.577,E
655,S,0.568,E
656,Y,0.547,E
657,D,0.528,E
658,Q,0.528,E
659,C,0.528,E
660,M,0.530,E
661,P,0.559,E
662,V,0.557,E
663,K,0.565,E
664,T,0.587,E
665,N,0.601,E
666,I,0.605,E
667,N,0.548,E
668,K,0.476,.
669,V,0.412,.
670,L,0.329,.
